#,Name,Type 1,Type 2,Total,HP,Attack,Defense,Sp. Atk,Sp. Def,Speed,Generation,Legendary,TipoDefinitivo
1,bulbasaur,Grass,Poison,318,45,49,49,65,65,45,1,False,Grass-ePoison
2,ivysaur,Grass,Poison,405,60,62,63,80,80,60,1,False,Grass-ePoison
3,venusaur,Grass,Poison,525,80,82,83,100,100,80,1,False,Grass-ePoison
3,venusaurmega venusaur,Grass,Poison,625,80,100,123,122,120,80,1,False,Grass-ePoison
4,charmander,Fire,Fire,309,39,52,43,60,50,65,1,False,Fire-Fire
5,charmeleon,Fire,Fire,405,58,64,58,80,65,80,1,False,Fire-Fire
6,charizard,Fire,Flying,534,78,84,78,109,85,100,1,False,Fire-eFlying
6,charizardmega charizard x,Fire,Dragon,634,78,130,111,130,85,100,1,False,Fire-eDragon
6,charizardmega charizard y,Fire,Flying,634,78,104,78,159,115,100,1,False,Fire-eFlying
7,squirtle,Water,Water,314,44,48,65,50,64,43,1,False,Water-Water
8,wartortle,Water,Water,405,59,63,80,65,80,58,1,False,Water-Water
9,blastoise,Water,Water,530,79,83,100,85,105,78,1,False,Water-Water
9,blastoisemega blastoise,Water,Water,630,79,103,120,135,115,78,1,False,Water-Water
10,caterpie,Bug,Bug,195,45,30,35,20,20,45,1,False,Bug-Bug
11,metapod,Bug,Bug,205,50,20,55,25,25,30,1,False,Bug-Bug
12,butterfree,Bug,Flying,395,60,45,50,90,80,70,1,False,Bug-eFlying
13,weedle,Bug,Poison,195,40,35,30,20,20,50,1,False,Bug-ePoison
14,kakuna,Bug,Poison,205,45,25,50,25,25,35,1,False,Bug-ePoison
15,beedrill,Bug,Poison,395,65,90,40,45,80,75,1,False,Bug-ePoison
15,beedrillmega beedrill,Bug,Poison,495,65,150,40,15,80,145,1,False,Bug-ePoison
16,pidgey,Normal,Flying,251,40,45,40,35,35,56,1,False,Normal-eFlying
17,pidgeotto,Normal,Flying,349,63,60,55,50,50,71,1,False,Normal-eFlying
18,pidgeot,Normal,Flying,479,83,80,75,70,70,101,1,False,Normal-eFlying
18,pidgeotmega pidgeot,Normal,Flying,579,83,80,80,135,80,121,1,False,Normal-eFlying
19,rattata,Normal,Normal,253,30,56,35,25,35,72,1,False,Normal-Normal
20,raticate,Normal,Normal,413,55,81,60,50,70,97,1,False,Normal-Normal
21,spearow,Normal,Flying,262,40,60,30,31,31,70,1,False,Normal-eFlying
22,fearow,Normal,Flying,442,65,90,65,61,61,100,1,False,Normal-eFlying
23,ekans,Poison,Poison,288,35,60,44,40,54,55,1,False,Poison-Poison
24,arbok,Poison,Poison,438,60,85,69,65,79,80,1,False,Poison-Poison
25,pikachu,Electric,Electric,320,35,55,40,50,50,90,1,False,Electric-Electric
26,raichu,Electric,Electric,485,60,90,55,90,80,110,1,False,Electric-Electric
27,sandshrew,Ground,Ground,300,50,75,85,20,30,40,1,False,Ground-Ground
28,sandslash,Ground,Ground,450,75,100,110,45,55,65,1,False,Ground-Ground
29,nidoran♀,Poison,Poison,275,55,47,52,40,40,41,1,False,Poison-Poison
30,nidorina,Poison,Poison,365,70,62,67,55,55,56,1,False,Poison-Poison
31,nidoqueen,Poison,Ground,505,90,92,87,75,85,76,1,False,Poison-eGround
32,nidoran♂,Poison,Poison,273,46,57,40,40,40,50,1,False,Poison-Poison
33,nidorino,Poison,Poison,365,61,72,57,55,55,65,1,False,Poison-Poison
34,nidoking,Poison,Ground,505,81,102,77,85,75,85,1,False,Poison-eGround
35,clefairy,Fairy,Fairy,323,70,45,48,60,65,35,1,False,Fairy-Fairy
36,clefable,Fairy,Fairy,483,95,70,73,95,90,60,1,False,Fairy-Fairy
37,vulpix,Fire,Fire,299,38,41,40,50,65,65,1,False,Fire-Fire
38,ninetales,Fire,Fire,505,73,76,75,81,100,100,1,False,Fire-Fire
39,jigglypuff,Normal,Fairy,270,115,45,20,45,25,20,1,False,Normal-eFairy
40,wigglytuff,Normal,Fairy,435,140,70,45,85,50,45,1,False,Normal-eFairy
41,zubat,Poison,Flying,245,40,45,35,30,40,55,1,False,Poison-eFlying
42,golbat,Poison,Flying,455,75,80,70,65,75,90,1,False,Poison-eFlying
43,oddish,Grass,Poison,320,45,50,55,75,65,30,1,False,Grass-ePoison
44,gloom,Grass,Poison,395,60,65,70,85,75,40,1,False,Grass-ePoison
45,vileplume,Grass,Poison,490,75,80,85,110,90,50,1,False,Grass-ePoison
46,paras,Bug,Grass,285,35,70,55,45,55,25,1,False,Bug-eGrass
47,parasect,Bug,Grass,405,60,95,80,60,80,30,1,False,Bug-eGrass
48,venonat,Bug,Poison,305,60,55,50,40,55,45,1,False,Bug-ePoison
49,venomoth,Bug,Poison,450,70,65,60,90,75,90,1,False,Bug-ePoison
50,diglett,Ground,Ground,265,10,55,25,35,45,95,1,False,Ground-Ground
51,dugtrio,Ground,Ground,405,35,80,50,50,70,120,1,False,Ground-Ground
52,meowth,Normal,Normal,290,40,45,35,40,40,90,1,False,Normal-Normal
53,persian,Normal,Normal,440,65,70,60,65,65,115,1,False,Normal-Normal
54,psyduck,Water,Water,320,50,52,48,65,50,55,1,False,Water-Water
55,golduck,Water,Water,500,80,82,78,95,80,85,1,False,Water-Water
56,mankey,Fighting,Fighting,305,40,80,35,35,45,70,1,False,Fighting-Fighting
57,primeape,Fighting,Fighting,455,65,105,60,60,70,95,1,False,Fighting-Fighting
58,growlithe,Fire,Fire,350,55,70,45,70,50,60,1,False,Fire-Fire
59,arcanine,Fire,Fire,555,90,110,80,100,80,95,1,False,Fire-Fire
60,poliwag,Water,Water,300,40,50,40,40,40,90,1,False,Water-Water
61,poliwhirl,Water,Water,385,65,65,65,50,50,90,1,False,Water-Water
62,poliwrath,Water,Fighting,510,90,95,95,70,90,70,1,False,Water-eFighting
63,abra,Psychic,Psychic,310,25,20,15,105,55,90,1,False,Psychic-Psychic
64,kadabra,Psychic,Psychic,400,40,35,30,120,70,105,1,False,Psychic-Psychic
65,alakazam,Psychic,Psychic,500,55,50,45,135,95,120,1,False,Psychic-Psychic
65,alakazammega alakazam,Psychic,Psychic,590,55,50,65,175,95,150,1,False,Psychic-Psychic
66,machop,Fighting,Fighting,305,70,80,50,35,35,35,1,False,Fighting-Fighting
67,machoke,Fighting,Fighting,405,80,100,70,50,60,45,1,False,Fighting-Fighting
68,machamp,Fighting,Fighting,505,90,130,80,65,85,55,1,False,Fighting-Fighting
69,bellsprout,Grass,Poison,300,50,75,35,70,30,40,1,False,Grass-ePoison
70,weepinbell,Grass,Poison,390,65,90,50,85,45,55,1,False,Grass-ePoison
71,victreebel,Grass,Poison,490,80,105,65,100,70,70,1,False,Grass-ePoison
72,tentacool,Water,Poison,335,40,40,35,50,100,70,1,False,Water-ePoison
73,tentacruel,Water,Poison,515,80,70,65,80,120,100,1,False,Water-ePoison
74,geodude,Rock,Ground,300,40,80,100,30,30,20,1,False,Rock-eGround
75,graveler,Rock,Ground,390,55,95,115,45,45,35,1,False,Rock-eGround
76,golem,Rock,Ground,495,80,120,130,55,65,45,1,False,Rock-eGround
77,ponyta,Fire,Fire,410,50,85,55,65,65,90,1,False,Fire-Fire
78,rapidash,Fire,Fire,500,65,100,70,80,80,105,1,False,Fire-Fire
79,slowpoke,Water,Psychic,315,90,65,65,40,40,15,1,False,Water-ePsychic
80,slowbro,Water,Psychic,490,95,75,110,100,80,30,1,False,Water-ePsychic
80,slowbromega slowbro,Water,Psychic,590,95,75,180,130,80,30,1,False,Water-ePsychic
81,magnemite,Electric,Steel,325,25,35,70,95,55,45,1,False,Electric-eSteel
82,magneton,Electric,Steel,465,50,60,95,120,70,70,1,False,Electric-eSteel
83,farfetch'd,Normal,Flying,352,52,65,55,58,62,60,1,False,Normal-eFlying
84,doduo,Normal,Flying,310,35,85,45,35,35,75,1,False,Normal-eFlying
85,dodrio,Normal,Flying,460,60,110,70,60,60,100,1,False,Normal-eFlying
86,seel,Water,Water,325,65,45,55,45,70,45,1,False,Water-Water
87,dewgong,Water,Ice,475,90,70,80,70,95,70,1,False,Water-eIce
88,grimer,Poison,Poison,325,80,80,50,40,50,25,1,False,Poison-Poison
89,muk,Poison,Poison,500,105,105,75,65,100,50,1,False,Poison-Poison
90,shellder,Water,Water,305,30,65,100,45,25,40,1,False,Water-Water
91,cloyster,Water,Ice,525,50,95,180,85,45,70,1,False,Water-eIce
92,gastly,Ghost,Poison,310,30,35,30,100,35,80,1,False,Ghost-ePoison
93,haunter,Ghost,Poison,405,45,50,45,115,55,95,1,False,Ghost-ePoison
94,gengar,Ghost,Poison,500,60,65,60,130,75,110,1,False,Ghost-ePoison
94,gengarmega gengar,Ghost,Poison,600,60,65,80,170,95,130,1,False,Ghost-ePoison
95,onix,Rock,Ground,385,35,45,160,30,45,70,1,False,Rock-eGround
96,drowzee,Psychic,Psychic,328,60,48,45,43,90,42,1,False,Psychic-Psychic
97,hypno,Psychic,Psychic,483,85,73,70,73,115,67,1,False,Psychic-Psychic
98,krabby,Water,Water,325,30,105,90,25,25,50,1,False,Water-Water
99,kingler,Water,Water,475,55,130,115,50,50,75,1,False,Water-Water
100,voltorb,Electric,Electric,330,40,30,50,55,55,100,1,False,Electric-Electric
101,electrode,Electric,Electric,480,60,50,70,80,80,140,1,False,Electric-Electric
102,exeggcute,Grass,Psychic,325,60,40,80,60,45,40,1,False,Grass-ePsychic
103,exeggutor,Grass,Psychic,520,95,95,85,125,65,55,1,False,Grass-ePsychic
104,cubone,Ground,Ground,320,50,50,95,40,50,35,1,False,Ground-Ground
105,marowak,Ground,Ground,425,60,80,110,50,80,45,1,False,Ground-Ground
106,hitmonlee,Fighting,Fighting,455,50,120,53,35,110,87,1,False,Fighting-Fighting
107,hitmonchan,Fighting,Fighting,455,50,105,79,35,110,76,1,False,Fighting-Fighting
108,lickitung,Normal,Normal,385,90,55,75,60,75,30,1,False,Normal-Normal
109,koffing,Poison,Poison,340,40,65,95,60,45,35,1,False,Poison-Poison
110,weezing,Poison,Poison,490,65,90,120,85,70,60,1,False,Poison-Poison
111,rhyhorn,Ground,Rock,345,80,85,95,30,30,25,1,False,Ground-eRock
112,rhydon,Ground,Rock,485,105,130,120,45,45,40,1,False,Ground-eRock
113,chansey,Normal,Normal,450,250,5,5,35,105,50,1,False,Normal-Normal
114,tangela,Grass,Grass,435,65,55,115,100,40,60,1,False,Grass-Grass
115,kangaskhan,Normal,Normal,490,105,95,80,40,80,90,1,False,Normal-Normal
115,kangaskhanmega kangaskhan,Normal,Normal,590,105,125,100,60,100,100,1,False,Normal-Normal
116,horsea,Water,Water,295,30,40,70,70,25,60,1,False,Water-Water
117,seadra,Water,Water,440,55,65,95,95,45,85,1,False,Water-Water
118,goldeen,Water,Water,320,45,67,60,35,50,63,1,False,Water-Water
119,seaking,Water,Water,450,80,92,65,65,80,68,1,False,Water-Water
120,staryu,Water,Water,340,30,45,55,70,55,85,1,False,Water-Water
121,starmie,Water,Psychic,520,60,75,85,100,85,115,1,False,Water-ePsychic
122,mr. mime,Psychic,Fairy,460,40,45,65,100,120,90,1,False,Psychic-eFairy
123,scyther,Bug,Flying,500,70,110,80,55,80,105,1,False,Bug-eFlying
124,jynx,Ice,Psychic,455,65,50,35,115,95,95,1,False,Ice-ePsychic
125,electabuzz,Electric,Electric,490,65,83,57,95,85,105,1,False,Electric-Electric
126,magmar,Fire,Fire,495,65,95,57,100,85,93,1,False,Fire-Fire
127,pinsir,Bug,Bug,500,65,125,100,55,70,85,1,False,Bug-Bug
127,pinsirmega pinsir,Bug,Flying,600,65,155,120,65,90,105,1,False,Bug-eFlying
128,tauros,Normal,Normal,490,75,100,95,40,70,110,1,False,Normal-Normal
129,magikarp,Water,Water,200,20,10,55,15,20,80,1,False,Water-Water
130,gyarados,Water,Flying,540,95,125,79,60,100,81,1,False,Water-eFlying
130,gyaradosmega gyarados,Water,Dark,640,95,155,109,70,130,81,1,False,Water-eDark
131,lapras,Water,Ice,535,130,85,80,85,95,60,1,False,Water-eIce
132,ditto,Normal,Normal,288,48,48,48,48,48,48,1,False,Normal-Normal
133,eevee,Normal,Normal,325,55,55,50,45,65,55,1,False,Normal-Normal
134,vaporeon,Water,Water,525,130,65,60,110,95,65,1,False,Water-Water
135,jolteon,Electric,Electric,525,65,65,60,110,95,130,1,False,Electric-Electric
136,flareon,Fire,Fire,525,65,130,60,95,110,65,1,False,Fire-Fire
137,porygon,Normal,Normal,395,65,60,70,85,75,40,1,False,Normal-Normal
138,omanyte,Rock,Water,355,35,40,100,90,55,35,1,False,Rock-eWater
139,omastar,Rock,Water,495,70,60,125,115,70,55,1,False,Rock-eWater
140,kabuto,Rock,Water,355,30,80,90,55,45,55,1,False,Rock-eWater
141,kabutops,Rock,Water,495,60,115,105,65,70,80,1,False,Rock-eWater
142,aerodactyl,Rock,Flying,515,80,105,65,60,75,130,1,False,Rock-eFlying
142,aerodactylmega aerodactyl,Rock,Flying,615,80,135,85,70,95,150,1,False,Rock-eFlying
143,snorlax,Normal,Normal,540,160,110,65,65,110,30,1,False,Normal-Normal
144,articuno,Ice,Flying,580,90,85,100,95,125,85,1,True,Ice-eFlying
145,zapdos,Electric,Flying,580,90,90,85,125,90,100,1,True,Electric-eFlying
146,moltres,Fire,Flying,580,90,100,90,125,85,90,1,True,Fire-eFlying
147,dratini,Dragon,Dragon,300,41,64,45,50,50,50,1,False,Dragon-Dragon
148,dragonair,Dragon,Dragon,420,61,84,65,70,70,70,1,False,Dragon-Dragon
149,dragonite,Dragon,Flying,600,91,134,95,100,100,80,1,False,Dragon-eFlying
150,mewtwo,Psychic,Psychic,680,106,110,90,154,90,130,1,True,Psychic-Psychic
150,mewtwomega mewtwo x,Psychic,Fighting,780,106,190,100,154,100,130,1,True,Psychic-eFighting
150,mewtwomega mewtwo y,Psychic,Psychic,780,106,150,70,194,120,140,1,True,Psychic-Psychic
151,mew,Psychic,Psychic,600,100,100,100,100,100,100,1,False,Psychic-Psychic
152,chikorita,Grass,Grass,318,45,49,65,49,65,45,2,False,Grass-Grass
153,bayleef,Grass,Grass,405,60,62,80,63,80,60,2,False,Grass-Grass
154,meganium,Grass,Grass,525,80,82,100,83,100,80,2,False,Grass-Grass
155,cyndaquil,Fire,Fire,309,39,52,43,60,50,65,2,False,Fire-Fire
156,quilava,Fire,Fire,405,58,64,58,80,65,80,2,False,Fire-Fire
157,typhlosion,Fire,Fire,534,78,84,78,109,85,100,2,False,Fire-Fire
158,totodile,Water,Water,314,50,65,64,44,48,43,2,False,Water-Water
159,croconaw,Water,Water,405,65,80,80,59,63,58,2,False,Water-Water
160,feraligatr,Water,Water,530,85,105,100,79,83,78,2,False,Water-Water
161,sentret,Normal,Normal,215,35,46,34,35,45,20,2,False,Normal-Normal
162,furret,Normal,Normal,415,85,76,64,45,55,90,2,False,Normal-Normal
163,hoothoot,Normal,Flying,262,60,30,30,36,56,50,2,False,Normal-eFlying
164,noctowl,Normal,Flying,442,100,50,50,76,96,70,2,False,Normal-eFlying
165,ledyba,Bug,Flying,265,40,20,30,40,80,55,2,False,Bug-eFlying
166,ledian,Bug,Flying,390,55,35,50,55,110,85,2,False,Bug-eFlying
167,spinarak,Bug,Poison,250,40,60,40,40,40,30,2,False,Bug-ePoison
168,ariados,Bug,Poison,390,70,90,70,60,60,40,2,False,Bug-ePoison
169,crobat,Poison,Flying,535,85,90,80,70,80,130,2,False,Poison-eFlying
170,chinchou,Water,Electric,330,75,38,38,56,56,67,2,False,Water-eElectric
171,lanturn,Water,Electric,460,125,58,58,76,76,67,2,False,Water-eElectric
172,pichu,Electric,Electric,205,20,40,15,35,35,60,2,False,Electric-Electric
173,cleffa,Fairy,Fairy,218,50,25,28,45,55,15,2,False,Fairy-Fairy
174,igglybuff,Normal,Fairy,210,90,30,15,40,20,15,2,False,Normal-eFairy
175,togepi,Fairy,Fairy,245,35,20,65,40,65,20,2,False,Fairy-Fairy
176,togetic,Fairy,Flying,405,55,40,85,80,105,40,2,False,Fairy-eFlying
177,natu,Psychic,Flying,320,40,50,45,70,45,70,2,False,Psychic-eFlying
178,xatu,Psychic,Flying,470,65,75,70,95,70,95,2,False,Psychic-eFlying
179,mareep,Electric,Electric,280,55,40,40,65,45,35,2,False,Electric-Electric
180,flaaffy,Electric,Electric,365,70,55,55,80,60,45,2,False,Electric-Electric
181,ampharos,Electric,Electric,510,90,75,85,115,90,55,2,False,Electric-Electric
181,ampharosmega ampharos,Electric,Dragon,610,90,95,105,165,110,45,2,False,Electric-eDragon
182,bellossom,Grass,Grass,490,75,80,95,90,100,50,2,False,Grass-Grass
183,marill,Water,Fairy,250,70,20,50,20,50,40,2,False,Water-eFairy
184,azumarill,Water,Fairy,420,100,50,80,60,80,50,2,False,Water-eFairy
185,sudowoodo,Rock,Rock,410,70,100,115,30,65,30,2,False,Rock-Rock
186,politoed,Water,Water,500,90,75,75,90,100,70,2,False,Water-Water
187,hoppip,Grass,Flying,250,35,35,40,35,55,50,2,False,Grass-eFlying
188,skiploom,Grass,Flying,340,55,45,50,45,65,80,2,False,Grass-eFlying
189,jumpluff,Grass,Flying,460,75,55,70,55,95,110,2,False,Grass-eFlying
190,aipom,Normal,Normal,360,55,70,55,40,55,85,2,False,Normal-Normal
191,sunkern,Grass,Grass,180,30,30,30,30,30,30,2,False,Grass-Grass
192,sunflora,Grass,Grass,425,75,75,55,105,85,30,2,False,Grass-Grass
193,yanma,Bug,Flying,390,65,65,45,75,45,95,2,False,Bug-eFlying
194,wooper,Water,Ground,210,55,45,45,25,25,15,2,False,Water-eGround
195,quagsire,Water,Ground,430,95,85,85,65,65,35,2,False,Water-eGround
196,espeon,Psychic,Psychic,525,65,65,60,130,95,110,2,False,Psychic-Psychic
197,umbreon,Dark,Dark,525,95,65,110,60,130,65,2,False,Dark-Dark
198,murkrow,Dark,Flying,405,60,85,42,85,42,91,2,False,Dark-eFlying
199,slowking,Water,Psychic,490,95,75,80,100,110,30,2,False,Water-ePsychic
200,misdreavus,Ghost,Ghost,435,60,60,60,85,85,85,2,False,Ghost-Ghost
201,unown,Psychic,Psychic,336,48,72,48,72,48,48,2,False,Psychic-Psychic
202,wobbuffet,Psychic,Psychic,405,190,33,58,33,58,33,2,False,Psychic-Psychic
203,girafarig,Normal,Psychic,455,70,80,65,90,65,85,2,False,Normal-ePsychic
204,pineco,Bug,Bug,290,50,65,90,35,35,15,2,False,Bug-Bug
205,forretress,Bug,Steel,465,75,90,140,60,60,40,2,False,Bug-eSteel
206,dunsparce,Normal,Normal,415,100,70,70,65,65,45,2,False,Normal-Normal
207,gligar,Ground,Flying,430,65,75,105,35,65,85,2,False,Ground-eFlying
208,steelix,Steel,Ground,510,75,85,200,55,65,30,2,False,Steel-eGround
208,steelixmega steelix,Steel,Ground,610,75,125,230,55,95,30,2,False,Steel-eGround
209,snubbull,Fairy,Fairy,300,60,80,50,40,40,30,2,False,Fairy-Fairy
210,granbull,Fairy,Fairy,450,90,120,75,60,60,45,2,False,Fairy-Fairy
211,qwilfish,Water,Poison,430,65,95,75,55,55,85,2,False,Water-ePoison
212,scizor,Bug,Steel,500,70,130,100,55,80,65,2,False,Bug-eSteel
212,scizormega scizor,Bug,Steel,600,70,150,140,65,100,75,2,False,Bug-eSteel
213,shuckle,Bug,Rock,505,20,10,230,10,230,5,2,False,Bug-eRock
214,heracross,Bug,Fighting,500,80,125,75,40,95,85,2,False,Bug-eFighting
214,heracrossmega heracross,Bug,Fighting,600,80,185,115,40,105,75,2,False,Bug-eFighting
215,sneasel,Dark,Ice,430,55,95,55,35,75,115,2,False,Dark-eIce
216,teddiursa,Normal,Normal,330,60,80,50,50,50,40,2,False,Normal-Normal
217,ursaring,Normal,Normal,500,90,130,75,75,75,55,2,False,Normal-Normal
218,slugma,Fire,Fire,250,40,40,40,70,40,20,2,False,Fire-Fire
219,magcargo,Fire,Rock,410,50,50,120,80,80,30,2,False,Fire-eRock
220,swinub,Ice,Ground,250,50,50,40,30,30,50,2,False,Ice-eGround
221,piloswine,Ice,Ground,450,100,100,80,60,60,50,2,False,Ice-eGround
222,corsola,Water,Rock,380,55,55,85,65,85,35,2,False,Water-eRock
223,remoraid,Water,Water,300,35,65,35,65,35,65,2,False,Water-Water
224,octillery,Water,Water,480,75,105,75,105,75,45,2,False,Water-Water
225,delibird,Ice,Flying,330,45,55,45,65,45,75,2,False,Ice-eFlying
226,mantine,Water,Flying,465,65,40,70,80,140,70,2,False,Water-eFlying
227,skarmory,Steel,Flying,465,65,80,140,40,70,70,2,False,Steel-eFlying
228,houndour,Dark,Fire,330,45,60,30,80,50,65,2,False,Dark-eFire
229,houndoom,Dark,Fire,500,75,90,50,110,80,95,2,False,Dark-eFire
229,houndoommega houndoom,Dark,Fire,600,75,90,90,140,90,115,2,False,Dark-eFire
230,kingdra,Water,Dragon,540,75,95,95,95,95,85,2,False,Water-eDragon
231,phanpy,Ground,Ground,330,90,60,60,40,40,40,2,False,Ground-Ground
232,donphan,Ground,Ground,500,90,120,120,60,60,50,2,False,Ground-Ground
233,porygon2,Normal,Normal,515,85,80,90,105,95,60,2,False,Normal-Normal
234,stantler,Normal,Normal,465,73,95,62,85,65,85,2,False,Normal-Normal
235,smeargle,Normal,Normal,250,55,20,35,20,45,75,2,False,Normal-Normal
236,tyrogue,Fighting,Fighting,210,35,35,35,35,35,35,2,False,Fighting-Fighting
237,hitmontop,Fighting,Fighting,455,50,95,95,35,110,70,2,False,Fighting-Fighting
238,smoochum,Ice,Psychic,305,45,30,15,85,65,65,2,False,Ice-ePsychic
239,elekid,Electric,Electric,360,45,63,37,65,55,95,2,False,Electric-Electric
240,magby,Fire,Fire,365,45,75,37,70,55,83,2,False,Fire-Fire
241,miltank,Normal,Normal,490,95,80,105,40,70,100,2,False,Normal-Normal
242,blissey,Normal,Normal,540,255,10,10,75,135,55,2,False,Normal-Normal
243,raikou,Electric,Electric,580,90,85,75,115,100,115,2,True,Electric-Electric
244,entei,Fire,Fire,580,115,115,85,90,75,100,2,True,Fire-Fire
245,suicune,Water,Water,580,100,75,115,90,115,85,2,True,Water-Water
246,larvitar,Rock,Ground,300,50,64,50,45,50,41,2,False,Rock-eGround
247,pupitar,Rock,Ground,410,70,84,70,65,70,51,2,False,Rock-eGround
248,tyranitar,Rock,Dark,600,100,134,110,95,100,61,2,False,Rock-eDark
248,tyranitarmega tyranitar,Rock,Dark,700,100,164,150,95,120,71,2,False,Rock-eDark
249,lugia,Psychic,Flying,680,106,90,130,90,154,110,2,True,Psychic-eFlying
250,ho-oh,Fire,Flying,680,106,130,90,110,154,90,2,True,Fire-eFlying
251,celebi,Psychic,Grass,600,100,100,100,100,100,100,2,False,Psychic-eGrass
252,treecko,Grass,Grass,310,40,45,35,65,55,70,3,False,Grass-Grass
253,grovyle,Grass,Grass,405,50,65,45,85,65,95,3,False,Grass-Grass
254,sceptile,Grass,Grass,530,70,85,65,105,85,120,3,False,Grass-Grass
254,sceptilemega sceptile,Grass,Dragon,630,70,110,75,145,85,145,3,False,Grass-eDragon
255,torchic,Fire,Fire,310,45,60,40,70,50,45,3,False,Fire-Fire
256,combusken,Fire,Fighting,405,60,85,60,85,60,55,3,False,Fire-eFighting
257,blaziken,Fire,Fighting,530,80,120,70,110,70,80,3,False,Fire-eFighting
257,blazikenmega blaziken,Fire,Fighting,630,80,160,80,130,80,100,3,False,Fire-eFighting
258,mudkip,Water,Water,310,50,70,50,50,50,40,3,False,Water-Water
259,marshtomp,Water,Ground,405,70,85,70,60,70,50,3,False,Water-eGround
260,swampert,Water,Ground,535,100,110,90,85,90,60,3,False,Water-eGround
260,swampertmega swampert,Water,Ground,635,100,150,110,95,110,70,3,False,Water-eGround
261,poochyena,Dark,Dark,220,35,55,35,30,30,35,3,False,Dark-Dark
262,mightyena,Dark,Dark,420,70,90,70,60,60,70,3,False,Dark-Dark
263,zigzagoon,Normal,Normal,240,38,30,41,30,41,60,3,False,Normal-Normal
264,linoone,Normal,Normal,420,78,70,61,50,61,100,3,False,Normal-Normal
265,wurmple,Bug,Bug,195,45,45,35,20,30,20,3,False,Bug-Bug
266,silcoon,Bug,Bug,205,50,35,55,25,25,15,3,False,Bug-Bug
267,beautifly,Bug,Flying,395,60,70,50,100,50,65,3,False,Bug-eFlying
268,cascoon,Bug,Bug,205,50,35,55,25,25,15,3,False,Bug-Bug
269,dustox,Bug,Poison,385,60,50,70,50,90,65,3,False,Bug-ePoison
270,lotad,Water,Grass,220,40,30,30,40,50,30,3,False,Water-eGrass
271,lombre,Water,Grass,340,60,50,50,60,70,50,3,False,Water-eGrass
272,ludicolo,Water,Grass,480,80,70,70,90,100,70,3,False,Water-eGrass
273,seedot,Grass,Grass,220,40,40,50,30,30,30,3,False,Grass-Grass
274,nuzleaf,Grass,Dark,340,70,70,40,60,40,60,3,False,Grass-eDark
275,shiftry,Grass,Dark,480,90,100,60,90,60,80,3,False,Grass-eDark
276,taillow,Normal,Flying,270,40,55,30,30,30,85,3,False,Normal-eFlying
277,swellow,Normal,Flying,430,60,85,60,50,50,125,3,False,Normal-eFlying
278,wingull,Water,Flying,270,40,30,30,55,30,85,3,False,Water-eFlying
279,pelipper,Water,Flying,430,60,50,100,85,70,65,3,False,Water-eFlying
280,ralts,Psychic,Fairy,198,28,25,25,45,35,40,3,False,Psychic-eFairy
281,kirlia,Psychic,Fairy,278,38,35,35,65,55,50,3,False,Psychic-eFairy
282,gardevoir,Psychic,Fairy,518,68,65,65,125,115,80,3,False,Psychic-eFairy
282,gardevoirmega gardevoir,Psychic,Fairy,618,68,85,65,165,135,100,3,False,Psychic-eFairy
283,surskit,Bug,Water,269,40,30,32,50,52,65,3,False,Bug-eWater
284,masquerain,Bug,Flying,414,70,60,62,80,82,60,3,False,Bug-eFlying
285,shroomish,Grass,Grass,295,60,40,60,40,60,35,3,False,Grass-Grass
286,breloom,Grass,Fighting,460,60,130,80,60,60,70,3,False,Grass-eFighting
287,slakoth,Normal,Normal,280,60,60,60,35,35,30,3,False,Normal-Normal
288,vigoroth,Normal,Normal,440,80,80,80,55,55,90,3,False,Normal-Normal
289,slaking,Normal,Normal,670,150,160,100,95,65,100,3,False,Normal-Normal
290,nincada,Bug,Ground,266,31,45,90,30,30,40,3,False,Bug-eGround
291,ninjask,Bug,Flying,456,61,90,45,50,50,160,3,False,Bug-eFlying
292,shedinja,Bug,Ghost,236,1,90,45,30,30,40,3,False,Bug-eGhost
293,whismur,Normal,Normal,240,64,51,23,51,23,28,3,False,Normal-Normal
294,loudred,Normal,Normal,360,84,71,43,71,43,48,3,False,Normal-Normal
295,exploud,Normal,Normal,490,104,91,63,91,73,68,3,False,Normal-Normal
296,makuhita,Fighting,Fighting,237,72,60,30,20,30,25,3,False,Fighting-Fighting
297,hariyama,Fighting,Fighting,474,144,120,60,40,60,50,3,False,Fighting-Fighting
298,azurill,Normal,Fairy,190,50,20,40,20,40,20,3,False,Normal-eFairy
299,nosepass,Rock,Rock,375,30,45,135,45,90,30,3,False,Rock-Rock
300,skitty,Normal,Normal,260,50,45,45,35,35,50,3,False,Normal-Normal
301,delcatty,Normal,Normal,380,70,65,65,55,55,70,3,False,Normal-Normal
302,sableye,Dark,Ghost,380,50,75,75,65,65,50,3,False,Dark-eGhost
302,sableyemega sableye,Dark,Ghost,480,50,85,125,85,115,20,3,False,Dark-eGhost
303,mawile,Steel,Fairy,380,50,85,85,55,55,50,3,False,Steel-eFairy
303,mawilemega mawile,Steel,Fairy,480,50,105,125,55,95,50,3,False,Steel-eFairy
304,aron,Steel,Rock,330,50,70,100,40,40,30,3,False,Steel-eRock
305,lairon,Steel,Rock,430,60,90,140,50,50,40,3,False,Steel-eRock
306,aggron,Steel,Rock,530,70,110,180,60,60,50,3,False,Steel-eRock
306,aggronmega aggron,Steel,Steel,630,70,140,230,60,80,50,3,False,Steel-Steel
307,meditite,Fighting,Psychic,280,30,40,55,40,55,60,3,False,Fighting-ePsychic
308,medicham,Fighting,Psychic,410,60,60,75,60,75,80,3,False,Fighting-ePsychic
308,medichammega medicham,Fighting,Psychic,510,60,100,85,80,85,100,3,False,Fighting-ePsychic
309,electrike,Electric,Electric,295,40,45,40,65,40,65,3,False,Electric-Electric
310,manectric,Electric,Electric,475,70,75,60,105,60,105,3,False,Electric-Electric
310,manectricmega manectric,Electric,Electric,575,70,75,80,135,80,135,3,False,Electric-Electric
311,plusle,Electric,Electric,405,60,50,40,85,75,95,3,False,Electric-Electric
312,minun,Electric,Electric,405,60,40,50,75,85,95,3,False,Electric-Electric
313,volbeat,Bug,Bug,400,65,73,55,47,75,85,3,False,Bug-Bug
314,illumise,Bug,Bug,400,65,47,55,73,75,85,3,False,Bug-Bug
315,roselia,Grass,Poison,400,50,60,45,100,80,65,3,False,Grass-ePoison
316,gulpin,Poison,Poison,302,70,43,53,43,53,40,3,False,Poison-Poison
317,swalot,Poison,Poison,467,100,73,83,73,83,55,3,False,Poison-Poison
318,carvanha,Water,Dark,305,45,90,20,65,20,65,3,False,Water-eDark
319,sharpedo,Water,Dark,460,70,120,40,95,40,95,3,False,Water-eDark
319,sharpedomega sharpedo,Water,Dark,560,70,140,70,110,65,105,3,False,Water-eDark
320,wailmer,Water,Water,400,130,70,35,70,35,60,3,False,Water-Water
321,wailord,Water,Water,500,170,90,45,90,45,60,3,False,Water-Water
322,numel,Fire,Ground,305,60,60,40,65,45,35,3,False,Fire-eGround
323,camerupt,Fire,Ground,460,70,100,70,105,75,40,3,False,Fire-eGround
323,cameruptmega camerupt,Fire,Ground,560,70,120,100,145,105,20,3,False,Fire-eGround
324,torkoal,Fire,Fire,470,70,85,140,85,70,20,3,False,Fire-Fire
325,spoink,Psychic,Psychic,330,60,25,35,70,80,60,3,False,Psychic-Psychic
326,grumpig,Psychic,Psychic,470,80,45,65,90,110,80,3,False,Psychic-Psychic
327,spinda,Normal,Normal,360,60,60,60,60,60,60,3,False,Normal-Normal
328,trapinch,Ground,Ground,290,45,100,45,45,45,10,3,False,Ground-Ground
329,vibrava,Ground,Dragon,340,50,70,50,50,50,70,3,False,Ground-eDragon
330,flygon,Ground,Dragon,520,80,100,80,80,80,100,3,False,Ground-eDragon
331,cacnea,Grass,Grass,335,50,85,40,85,40,35,3,False,Grass-Grass
332,cacturne,Grass,Dark,475,70,115,60,115,60,55,3,False,Grass-eDark
333,swablu,Normal,Flying,310,45,40,60,40,75,50,3,False,Normal-eFlying
334,altaria,Dragon,Flying,490,75,70,90,70,105,80,3,False,Dragon-eFlying
334,altariamega altaria,Dragon,Fairy,590,75,110,110,110,105,80,3,False,Dragon-eFairy
335,zangoose,Normal,Normal,458,73,115,60,60,60,90,3,False,Normal-Normal
336,seviper,Poison,Poison,458,73,100,60,100,60,65,3,False,Poison-Poison
337,lunatone,Rock,Psychic,440,70,55,65,95,85,70,3,False,Rock-ePsychic
338,solrock,Rock,Psychic,440,70,95,85,55,65,70,3,False,Rock-ePsychic
339,barboach,Water,Ground,288,50,48,43,46,41,60,3,False,Water-eGround
340,whiscash,Water,Ground,468,110,78,73,76,71,60,3,False,Water-eGround
341,corphish,Water,Water,308,43,80,65,50,35,35,3,False,Water-Water
342,crawdaunt,Water,Dark,468,63,120,85,90,55,55,3,False,Water-eDark
343,baltoy,Ground,Psychic,300,40,40,55,40,70,55,3,False,Ground-ePsychic
344,claydol,Ground,Psychic,500,60,70,105,70,120,75,3,False,Ground-ePsychic
345,lileep,Rock,Grass,355,66,41,77,61,87,23,3,False,Rock-eGrass
346,cradily,Rock,Grass,495,86,81,97,81,107,43,3,False,Rock-eGrass
347,anorith,Rock,Bug,355,45,95,50,40,50,75,3,False,Rock-eBug
348,armaldo,Rock,Bug,495,75,125,100,70,80,45,3,False,Rock-eBug
349,feebas,Water,Water,200,20,15,20,10,55,80,3,False,Water-Water
350,milotic,Water,Water,540,95,60,79,100,125,81,3,False,Water-Water
351,castform,Normal,Normal,420,70,70,70,70,70,70,3,False,Normal-Normal
352,kecleon,Normal,Normal,440,60,90,70,60,120,40,3,False,Normal-Normal
353,shuppet,Ghost,Ghost,295,44,75,35,63,33,45,3,False,Ghost-Ghost
354,banette,Ghost,Ghost,455,64,115,65,83,63,65,3,False,Ghost-Ghost
354,banettemega banette,Ghost,Ghost,555,64,165,75,93,83,75,3,False,Ghost-Ghost
355,duskull,Ghost,Ghost,295,20,40,90,30,90,25,3,False,Ghost-Ghost
356,dusclops,Ghost,Ghost,455,40,70,130,60,130,25,3,False,Ghost-Ghost
357,tropius,Grass,Flying,460,99,68,83,72,87,51,3,False,Grass-eFlying
358,chimecho,Psychic,Psychic,425,65,50,70,95,80,65,3,False,Psychic-Psychic
359,absol,Dark,Dark,465,65,130,60,75,60,75,3,False,Dark-Dark
359,absolmega absol,Dark,Dark,565,65,150,60,115,60,115,3,False,Dark-Dark
360,wynaut,Psychic,Psychic,260,95,23,48,23,48,23,3,False,Psychic-Psychic
361,snorunt,Ice,Ice,300,50,50,50,50,50,50,3,False,Ice-Ice
362,glalie,Ice,Ice,480,80,80,80,80,80,80,3,False,Ice-Ice
362,glaliemega glalie,Ice,Ice,580,80,120,80,120,80,100,3,False,Ice-Ice
363,spheal,Ice,Water,290,70,40,50,55,50,25,3,False,Ice-eWater
364,sealeo,Ice,Water,410,90,60,70,75,70,45,3,False,Ice-eWater
365,walrein,Ice,Water,530,110,80,90,95,90,65,3,False,Ice-eWater
366,clamperl,Water,Water,345,35,64,85,74,55,32,3,False,Water-Water
367,huntail,Water,Water,485,55,104,105,94,75,52,3,False,Water-Water
368,gorebyss,Water,Water,485,55,84,105,114,75,52,3,False,Water-Water
369,relicanth,Water,Rock,485,100,90,130,45,65,55,3,False,Water-eRock
370,luvdisc,Water,Water,330,43,30,55,40,65,97,3,False,Water-Water
371,bagon,Dragon,Dragon,300,45,75,60,40,30,50,3,False,Dragon-Dragon
372,shelgon,Dragon,Dragon,420,65,95,100,60,50,50,3,False,Dragon-Dragon
373,salamence,Dragon,Flying,600,95,135,80,110,80,100,3,False,Dragon-eFlying
373,salamencemega salamence,Dragon,Flying,700,95,145,130,120,90,120,3,False,Dragon-eFlying
374,beldum,Steel,Psychic,300,40,55,80,35,60,30,3,False,Steel-ePsychic
375,metang,Steel,Psychic,420,60,75,100,55,80,50,3,False,Steel-ePsychic
376,metagross,Steel,Psychic,600,80,135,130,95,90,70,3,False,Steel-ePsychic
376,metagrossmega metagross,Steel,Psychic,700,80,145,150,105,110,110,3,False,Steel-ePsychic
377,regirock,Rock,Rock,580,80,100,200,50,100,50,3,True,Rock-Rock
378,regice,Ice,Ice,580,80,50,100,100,200,50,3,True,Ice-Ice
379,registeel,Steel,Steel,580,80,75,150,75,150,50,3,True,Steel-Steel
380,latias,Dragon,Psychic,600,80,80,90,110,130,110,3,True,Dragon-ePsychic
380,latiasmega latias,Dragon,Psychic,700,80,100,120,140,150,110,3,True,Dragon-ePsychic
381,latios,Dragon,Psychic,600,80,90,80,130,110,110,3,True,Dragon-ePsychic
381,latiosmega latios,Dragon,Psychic,700,80,130,100,160,120,110,3,True,Dragon-ePsychic
382,kyogre,Water,Water,670,100,100,90,150,140,90,3,True,Water-Water
382,kyogreprimal kyogre,Water,Water,770,100,150,90,180,160,90,3,True,Water-Water
383,groudon,Ground,Ground,670,100,150,140,100,90,90,3,True,Ground-Ground
383,groudonprimal groudon,Ground,Fire,770,100,180,160,150,90,90,3,True,Ground-eFire
384,rayquaza,Dragon,Flying,680,105,150,90,150,90,95,3,True,Dragon-eFlying
384,rayquazamega rayquaza,Dragon,Flying,780,105,180,100,180,100,115,3,True,Dragon-eFlying
385,jirachi,Steel,Psychic,600,100,100,100,100,100,100,3,True,Steel-ePsychic
386,deoxysnormal forme,Psychic,Psychic,600,50,150,50,150,50,150,3,True,Psychic-Psychic
386,deoxysattack forme,Psychic,Psychic,600,50,180,20,180,20,150,3,True,Psychic-Psychic
386,deoxysdefense forme,Psychic,Psychic,600,50,70,160,70,160,90,3,True,Psychic-Psychic
386,deoxysspeed forme,Psychic,Psychic,600,50,95,90,95,90,180,3,True,Psychic-Psychic
387,turtwig,Grass,Grass,318,55,68,64,45,55,31,4,False,Grass-Grass
388,grotle,Grass,Grass,405,75,89,85,55,65,36,4,False,Grass-Grass
389,torterra,Grass,Ground,525,95,109,105,75,85,56,4,False,Grass-eGround
390,chimchar,Fire,Fire,309,44,58,44,58,44,61,4,False,Fire-Fire
391,monferno,Fire,Fighting,405,64,78,52,78,52,81,4,False,Fire-eFighting
392,infernape,Fire,Fighting,534,76,104,71,104,71,108,4,False,Fire-eFighting
393,piplup,Water,Water,314,53,51,53,61,56,40,4,False,Water-Water
394,prinplup,Water,Water,405,64,66,68,81,76,50,4,False,Water-Water
395,empoleon,Water,Steel,530,84,86,88,111,101,60,4,False,Water-eSteel
396,starly,Normal,Flying,245,40,55,30,30,30,60,4,False,Normal-eFlying
397,staravia,Normal,Flying,340,55,75,50,40,40,80,4,False,Normal-eFlying
398,staraptor,Normal,Flying,485,85,120,70,50,60,100,4,False,Normal-eFlying
399,bidoof,Normal,Normal,250,59,45,40,35,40,31,4,False,Normal-Normal
400,bibarel,Normal,Water,410,79,85,60,55,60,71,4,False,Normal-eWater
401,kricketot,Bug,Bug,194,37,25,41,25,41,25,4,False,Bug-Bug
402,kricketune,Bug,Bug,384,77,85,51,55,51,65,4,False,Bug-Bug
403,shinx,Electric,Electric,263,45,65,34,40,34,45,4,False,Electric-Electric
404,luxio,Electric,Electric,363,60,85,49,60,49,60,4,False,Electric-Electric
405,luxray,Electric,Electric,523,80,120,79,95,79,70,4,False,Electric-Electric
406,budew,Grass,Poison,280,40,30,35,50,70,55,4,False,Grass-ePoison
407,roserade,Grass,Poison,515,60,70,65,125,105,90,4,False,Grass-ePoison
408,cranidos,Rock,Rock,350,67,125,40,30,30,58,4,False,Rock-Rock
409,rampardos,Rock,Rock,495,97,165,60,65,50,58,4,False,Rock-Rock
410,shieldon,Rock,Steel,350,30,42,118,42,88,30,4,False,Rock-eSteel
411,bastiodon,Rock,Steel,495,60,52,168,47,138,30,4,False,Rock-eSteel
412,burmy,Bug,Bug,224,40,29,45,29,45,36,4,False,Bug-Bug
413,wormadamplant cloak,Bug,Grass,424,60,59,85,79,105,36,4,False,Bug-eGrass
413,wormadamsandy cloak,Bug,Ground,424,60,79,105,59,85,36,4,False,Bug-eGround
413,wormadamtrash cloak,Bug,Steel,424,60,69,95,69,95,36,4,False,Bug-eSteel
414,mothim,Bug,Flying,424,70,94,50,94,50,66,4,False,Bug-eFlying
415,combee,Bug,Flying,244,30,30,42,30,42,70,4,False,Bug-eFlying
416,vespiquen,Bug,Flying,474,70,80,102,80,102,40,4,False,Bug-eFlying
417,pachirisu,Electric,Electric,405,60,45,70,45,90,95,4,False,Electric-Electric
418,buizel,Water,Water,330,55,65,35,60,30,85,4,False,Water-Water
419,floatzel,Water,Water,495,85,105,55,85,50,115,4,False,Water-Water
420,cherubi,Grass,Grass,275,45,35,45,62,53,35,4,False,Grass-Grass
421,cherrim,Grass,Grass,450,70,60,70,87,78,85,4,False,Grass-Grass
422,shellos,Water,Water,325,76,48,48,57,62,34,4,False,Water-Water
423,gastrodon,Water,Ground,475,111,83,68,92,82,39,4,False,Water-eGround
424,ambipom,Normal,Normal,482,75,100,66,60,66,115,4,False,Normal-Normal
425,drifloon,Ghost,Flying,348,90,50,34,60,44,70,4,False,Ghost-eFlying
426,drifblim,Ghost,Flying,498,150,80,44,90,54,80,4,False,Ghost-eFlying
427,buneary,Normal,Normal,350,55,66,44,44,56,85,4,False,Normal-Normal
428,lopunny,Normal,Normal,480,65,76,84,54,96,105,4,False,Normal-Normal
428,lopunnymega lopunny,Normal,Fighting,580,65,136,94,54,96,135,4,False,Normal-eFighting
429,mismagius,Ghost,Ghost,495,60,60,60,105,105,105,4,False,Ghost-Ghost
430,honchkrow,Dark,Flying,505,100,125,52,105,52,71,4,False,Dark-eFlying
431,glameow,Normal,Normal,310,49,55,42,42,37,85,4,False,Normal-Normal
432,purugly,Normal,Normal,452,71,82,64,64,59,112,4,False,Normal-Normal
433,chingling,Psychic,Psychic,285,45,30,50,65,50,45,4,False,Psychic-Psychic
434,stunky,Poison,Dark,329,63,63,47,41,41,74,4,False,Poison-eDark
435,skuntank,Poison,Dark,479,103,93,67,71,61,84,4,False,Poison-eDark
436,bronzor,Steel,Psychic,300,57,24,86,24,86,23,4,False,Steel-ePsychic
437,bronzong,Steel,Psychic,500,67,89,116,79,116,33,4,False,Steel-ePsychic
438,bonsly,Rock,Rock,290,50,80,95,10,45,10,4,False,Rock-Rock
439,mime jr.,Psychic,Fairy,310,20,25,45,70,90,60,4,False,Psychic-eFairy
440,happiny,Normal,Normal,220,100,5,5,15,65,30,4,False,Normal-Normal
441,chatot,Normal,Flying,411,76,65,45,92,42,91,4,False,Normal-eFlying
442,spiritomb,Ghost,Dark,485,50,92,108,92,108,35,4,False,Ghost-eDark
443,gible,Dragon,Ground,300,58,70,45,40,45,42,4,False,Dragon-eGround
444,gabite,Dragon,Ground,410,68,90,65,50,55,82,4,False,Dragon-eGround
445,garchomp,Dragon,Ground,600,108,130,95,80,85,102,4,False,Dragon-eGround
445,garchompmega garchomp,Dragon,Ground,700,108,170,115,120,95,92,4,False,Dragon-eGround
446,munchlax,Normal,Normal,390,135,85,40,40,85,5,4,False,Normal-Normal
447,riolu,Fighting,Fighting,285,40,70,40,35,40,60,4,False,Fighting-Fighting
448,lucario,Fighting,Steel,525,70,110,70,115,70,90,4,False,Fighting-eSteel
448,lucariomega lucario,Fighting,Steel,625,70,145,88,140,70,112,4,False,Fighting-eSteel
449,hippopotas,Ground,Ground,330,68,72,78,38,42,32,4,False,Ground-Ground
450,hippowdon,Ground,Ground,525,108,112,118,68,72,47,4,False,Ground-Ground
451,skorupi,Poison,Bug,330,40,50,90,30,55,65,4,False,Poison-eBug
452,drapion,Poison,Dark,500,70,90,110,60,75,95,4,False,Poison-eDark
453,croagunk,Poison,Fighting,300,48,61,40,61,40,50,4,False,Poison-eFighting
454,toxicroak,Poison,Fighting,490,83,106,65,86,65,85,4,False,Poison-eFighting
455,carnivine,Grass,Grass,454,74,100,72,90,72,46,4,False,Grass-Grass
456,finneon,Water,Water,330,49,49,56,49,61,66,4,False,Water-Water
457,lumineon,Water,Water,460,69,69,76,69,86,91,4,False,Water-Water
458,mantyke,Water,Flying,345,45,20,50,60,120,50,4,False,Water-eFlying
459,snover,Grass,Ice,334,60,62,50,62,60,40,4,False,Grass-eIce
460,abomasnow,Grass,Ice,494,90,92,75,92,85,60,4,False,Grass-eIce
460,abomasnowmega abomasnow,Grass,Ice,594,90,132,105,132,105,30,4,False,Grass-eIce
461,weavile,Dark,Ice,510,70,120,65,45,85,125,4,False,Dark-eIce
462,magnezone,Electric,Steel,535,70,70,115,130,90,60,4,False,Electric-eSteel
463,lickilicky,Normal,Normal,515,110,85,95,80,95,50,4,False,Normal-Normal
464,rhyperior,Ground,Rock,535,115,140,130,55,55,40,4,False,Ground-eRock
465,tangrowth,Grass,Grass,535,100,100,125,110,50,50,4,False,Grass-Grass
466,electivire,Electric,Electric,540,75,123,67,95,85,95,4,False,Electric-Electric
467,magmortar,Fire,Fire,540,75,95,67,125,95,83,4,False,Fire-Fire
468,togekiss,Fairy,Flying,545,85,50,95,120,115,80,4,False,Fairy-eFlying
469,yanmega,Bug,Flying,515,86,76,86,116,56,95,4,False,Bug-eFlying
470,leafeon,Grass,Grass,525,65,110,130,60,65,95,4,False,Grass-Grass
471,glaceon,Ice,Ice,525,65,60,110,130,95,65,4,False,Ice-Ice
472,gliscor,Ground,Flying,510,75,95,125,45,75,95,4,False,Ground-eFlying
473,mamoswine,Ice,Ground,530,110,130,80,70,60,80,4,False,Ice-eGround
474,porygon-z,Normal,Normal,535,85,80,70,135,75,90,4,False,Normal-Normal
475,gallade,Psychic,Fighting,518,68,125,65,65,115,80,4,False,Psychic-eFighting
475,gallademega gallade,Psychic,Fighting,618,68,165,95,65,115,110,4,False,Psychic-eFighting
476,probopass,Rock,Steel,525,60,55,145,75,150,40,4,False,Rock-eSteel
477,dusknoir,Ghost,Ghost,525,45,100,135,65,135,45,4,False,Ghost-Ghost
478,froslass,Ice,Ghost,480,70,80,70,80,70,110,4,False,Ice-eGhost
479,rotom,Electric,Ghost,440,50,50,77,95,77,91,4,False,Electric-eGhost
479,rotomheat rotom,Electric,Fire,520,50,65,107,105,107,86,4,False,Electric-eFire
479,rotomwash rotom,Electric,Water,520,50,65,107,105,107,86,4,False,Electric-eWater
479,rotomfrost rotom,Electric,Ice,520,50,65,107,105,107,86,4,False,Electric-eIce
479,rotomfan rotom,Electric,Flying,520,50,65,107,105,107,86,4,False,Electric-eFlying
479,rotommow rotom,Electric,Grass,520,50,65,107,105,107,86,4,False,Electric-eGrass
480,uxie,Psychic,Psychic,580,75,75,130,75,130,95,4,True,Psychic-Psychic
481,mesprit,Psychic,Psychic,580,80,105,105,105,105,80,4,True,Psychic-Psychic
482,azelf,Psychic,Psychic,580,75,125,70,125,70,115,4,True,Psychic-Psychic
483,dialga,Steel,Dragon,680,100,120,120,150,100,90,4,True,Steel-eDragon
484,palkia,Water,Dragon,680,90,120,100,150,120,100,4,True,Water-eDragon
485,heatran,Fire,Steel,600,91,90,106,130,106,77,4,True,Fire-eSteel
486,regigigas,Normal,Normal,670,110,160,110,80,110,100,4,True,Normal-Normal
487,giratinaaltered forme,Ghost,Dragon,680,150,100,120,100,120,90,4,True,Ghost-eDragon
487,giratinaorigin forme,Ghost,Dragon,680,150,120,100,120,100,90,4,True,Ghost-eDragon
488,cresselia,Psychic,Psychic,600,120,70,120,75,130,85,4,False,Psychic-Psychic
489,phione,Water,Water,480,80,80,80,80,80,80,4,False,Water-Water
490,manaphy,Water,Water,600,100,100,100,100,100,100,4,False,Water-Water
491,darkrai,Dark,Dark,600,70,90,90,135,90,125,4,True,Dark-Dark
492,shayminland forme,Grass,Grass,600,100,100,100,100,100,100,4,True,Grass-Grass
492,shayminsky forme,Grass,Flying,600,100,103,75,120,75,127,4,True,Grass-eFlying
493,arceus,Normal,Normal,720,120,120,120,120,120,120,4,True,Normal-Normal
494,victini,Psychic,Fire,600,100,100,100,100,100,100,5,True,Psychic-eFire
495,snivy,Grass,Grass,308,45,45,55,45,55,63,5,False,Grass-Grass
496,servine,Grass,Grass,413,60,60,75,60,75,83,5,False,Grass-Grass
497,serperior,Grass,Grass,528,75,75,95,75,95,113,5,False,Grass-Grass
498,tepig,Fire,Fire,308,65,63,45,45,45,45,5,False,Fire-Fire
499,pignite,Fire,Fighting,418,90,93,55,70,55,55,5,False,Fire-eFighting
500,emboar,Fire,Fighting,528,110,123,65,100,65,65,5,False,Fire-eFighting
501,oshawott,Water,Water,308,55,55,45,63,45,45,5,False,Water-Water
502,dewott,Water,Water,413,75,75,60,83,60,60,5,False,Water-Water
503,samurott,Water,Water,528,95,100,85,108,70,70,5,False,Water-Water
504,patrat,Normal,Normal,255,45,55,39,35,39,42,5,False,Normal-Normal
505,watchog,Normal,Normal,420,60,85,69,60,69,77,5,False,Normal-Normal
506,lillipup,Normal,Normal,275,45,60,45,25,45,55,5,False,Normal-Normal
507,herdier,Normal,Normal,370,65,80,65,35,65,60,5,False,Normal-Normal
508,stoutland,Normal,Normal,500,85,110,90,45,90,80,5,False,Normal-Normal
509,purrloin,Dark,Dark,281,41,50,37,50,37,66,5,False,Dark-Dark
510,liepard,Dark,Dark,446,64,88,50,88,50,106,5,False,Dark-Dark
511,pansage,Grass,Grass,316,50,53,48,53,48,64,5,False,Grass-Grass
512,simisage,Grass,Grass,498,75,98,63,98,63,101,5,False,Grass-Grass
513,pansear,Fire,Fire,316,50,53,48,53,48,64,5,False,Fire-Fire
514,simisear,Fire,Fire,498,75,98,63,98,63,101,5,False,Fire-Fire
515,panpour,Water,Water,316,50,53,48,53,48,64,5,False,Water-Water
516,simipour,Water,Water,498,75,98,63,98,63,101,5,False,Water-Water
517,munna,Psychic,Psychic,292,76,25,45,67,55,24,5,False,Psychic-Psychic
518,musharna,Psychic,Psychic,487,116,55,85,107,95,29,5,False,Psychic-Psychic
519,pidove,Normal,Flying,264,50,55,50,36,30,43,5,False,Normal-eFlying
520,tranquill,Normal,Flying,358,62,77,62,50,42,65,5,False,Normal-eFlying
521,unfezant,Normal,Flying,488,80,115,80,65,55,93,5,False,Normal-eFlying
522,blitzle,Electric,Electric,295,45,60,32,50,32,76,5,False,Electric-Electric
523,zebstrika,Electric,Electric,497,75,100,63,80,63,116,5,False,Electric-Electric
524,roggenrola,Rock,Rock,280,55,75,85,25,25,15,5,False,Rock-Rock
525,boldore,Rock,Rock,390,70,105,105,50,40,20,5,False,Rock-Rock
526,gigalith,Rock,Rock,515,85,135,130,60,80,25,5,False,Rock-Rock
527,woobat,Psychic,Flying,313,55,45,43,55,43,72,5,False,Psychic-eFlying
528,swoobat,Psychic,Flying,425,67,57,55,77,55,114,5,False,Psychic-eFlying
529,drilbur,Ground,Ground,328,60,85,40,30,45,68,5,False,Ground-Ground
530,excadrill,Ground,Steel,508,110,135,60,50,65,88,5,False,Ground-eSteel
531,audino,Normal,Normal,445,103,60,86,60,86,50,5,False,Normal-Normal
531,audinomega audino,Normal,Fairy,545,103,60,126,80,126,50,5,False,Normal-eFairy
532,timburr,Fighting,Fighting,305,75,80,55,25,35,35,5,False,Fighting-Fighting
533,gurdurr,Fighting,Fighting,405,85,105,85,40,50,40,5,False,Fighting-Fighting
534,conkeldurr,Fighting,Fighting,505,105,140,95,55,65,45,5,False,Fighting-Fighting
535,tympole,Water,Water,294,50,50,40,50,40,64,5,False,Water-Water
536,palpitoad,Water,Ground,384,75,65,55,65,55,69,5,False,Water-eGround
537,seismitoad,Water,Ground,509,105,95,75,85,75,74,5,False,Water-eGround
538,throh,Fighting,Fighting,465,120,100,85,30,85,45,5,False,Fighting-Fighting
539,sawk,Fighting,Fighting,465,75,125,75,30,75,85,5,False,Fighting-Fighting
540,sewaddle,Bug,Grass,310,45,53,70,40,60,42,5,False,Bug-eGrass
541,swadloon,Bug,Grass,380,55,63,90,50,80,42,5,False,Bug-eGrass
542,leavanny,Bug,Grass,500,75,103,80,70,80,92,5,False,Bug-eGrass
543,venipede,Bug,Poison,260,30,45,59,30,39,57,5,False,Bug-ePoison
544,whirlipede,Bug,Poison,360,40,55,99,40,79,47,5,False,Bug-ePoison
545,scolipede,Bug,Poison,485,60,100,89,55,69,112,5,False,Bug-ePoison
546,cottonee,Grass,Fairy,280,40,27,60,37,50,66,5,False,Grass-eFairy
547,whimsicott,Grass,Fairy,480,60,67,85,77,75,116,5,False,Grass-eFairy
548,petilil,Grass,Grass,280,45,35,50,70,50,30,5,False,Grass-Grass
549,lilligant,Grass,Grass,480,70,60,75,110,75,90,5,False,Grass-Grass
550,basculin,Water,Water,460,70,92,65,80,55,98,5,False,Water-Water
551,sandile,Ground,Dark,292,50,72,35,35,35,65,5,False,Ground-eDark
552,krokorok,Ground,Dark,351,60,82,45,45,45,74,5,False,Ground-eDark
553,krookodile,Ground,Dark,519,95,117,80,65,70,92,5,False,Ground-eDark
554,darumaka,Fire,Fire,315,70,90,45,15,45,50,5,False,Fire-Fire
555,darmanitanstandard mode,Fire,Fire,480,105,140,55,30,55,95,5,False,Fire-Fire
555,darmanitanzen mode,Fire,Psychic,540,105,30,105,140,105,55,5,False,Fire-ePsychic
556,maractus,Grass,Grass,461,75,86,67,106,67,60,5,False,Grass-Grass
557,dwebble,Bug,Rock,325,50,65,85,35,35,55,5,False,Bug-eRock
558,crustle,Bug,Rock,475,70,95,125,65,75,45,5,False,Bug-eRock
559,scraggy,Dark,Fighting,348,50,75,70,35,70,48,5,False,Dark-eFighting
560,scrafty,Dark,Fighting,488,65,90,115,45,115,58,5,False,Dark-eFighting
561,sigilyph,Psychic,Flying,490,72,58,80,103,80,97,5,False,Psychic-eFlying
562,yamask,Ghost,Ghost,303,38,30,85,55,65,30,5,False,Ghost-Ghost
563,cofagrigus,Ghost,Ghost,483,58,50,145,95,105,30,5,False,Ghost-Ghost
564,tirtouga,Water,Rock,355,54,78,103,53,45,22,5,False,Water-eRock
565,carracosta,Water,Rock,495,74,108,133,83,65,32,5,False,Water-eRock
566,archen,Rock,Flying,401,55,112,45,74,45,70,5,False,Rock-eFlying
567,archeops,Rock,Flying,567,75,140,65,112,65,110,5,False,Rock-eFlying
568,trubbish,Poison,Poison,329,50,50,62,40,62,65,5,False,Poison-Poison
569,garbodor,Poison,Poison,474,80,95,82,60,82,75,5,False,Poison-Poison
570,zorua,Dark,Dark,330,40,65,40,80,40,65,5,False,Dark-Dark
571,zoroark,Dark,Dark,510,60,105,60,120,60,105,5,False,Dark-Dark
572,minccino,Normal,Normal,300,55,50,40,40,40,75,5,False,Normal-Normal
573,cinccino,Normal,Normal,470,75,95,60,65,60,115,5,False,Normal-Normal
574,gothita,Psychic,Psychic,290,45,30,50,55,65,45,5,False,Psychic-Psychic
575,gothorita,Psychic,Psychic,390,60,45,70,75,85,55,5,False,Psychic-Psychic
576,gothitelle,Psychic,Psychic,490,70,55,95,95,110,65,5,False,Psychic-Psychic
577,solosis,Psychic,Psychic,290,45,30,40,105,50,20,5,False,Psychic-Psychic
578,duosion,Psychic,Psychic,370,65,40,50,125,60,30,5,False,Psychic-Psychic
579,reuniclus,Psychic,Psychic,490,110,65,75,125,85,30,5,False,Psychic-Psychic
580,ducklett,Water,Flying,305,62,44,50,44,50,55,5,False,Water-eFlying
581,swanna,Water,Flying,473,75,87,63,87,63,98,5,False,Water-eFlying
582,vanillite,Ice,Ice,305,36,50,50,65,60,44,5,False,Ice-Ice
583,vanillish,Ice,Ice,395,51,65,65,80,75,59,5,False,Ice-Ice
584,vanilluxe,Ice,Ice,535,71,95,85,110,95,79,5,False,Ice-Ice
585,deerling,Normal,Grass,335,60,60,50,40,50,75,5,False,Normal-eGrass
586,sawsbuck,Normal,Grass,475,80,100,70,60,70,95,5,False,Normal-eGrass
587,emolga,Electric,Flying,428,55,75,60,75,60,103,5,False,Electric-eFlying
588,karrablast,Bug,Bug,315,50,75,45,40,45,60,5,False,Bug-Bug
589,escavalier,Bug,Steel,495,70,135,105,60,105,20,5,False,Bug-eSteel
590,foongus,Grass,Poison,294,69,55,45,55,55,15,5,False,Grass-ePoison
591,amoonguss,Grass,Poison,464,114,85,70,85,80,30,5,False,Grass-ePoison
592,frillish,Water,Ghost,335,55,40,50,65,85,40,5,False,Water-eGhost
593,jellicent,Water,Ghost,480,100,60,70,85,105,60,5,False,Water-eGhost
594,alomomola,Water,Water,470,165,75,80,40,45,65,5,False,Water-Water
595,joltik,Bug,Electric,319,50,47,50,57,50,65,5,False,Bug-eElectric
596,galvantula,Bug,Electric,472,70,77,60,97,60,108,5,False,Bug-eElectric
597,ferroseed,Grass,Steel,305,44,50,91,24,86,10,5,False,Grass-eSteel
598,ferrothorn,Grass,Steel,489,74,94,131,54,116,20,5,False,Grass-eSteel
599,klink,Steel,Steel,300,40,55,70,45,60,30,5,False,Steel-Steel
600,klang,Steel,Steel,440,60,80,95,70,85,50,5,False,Steel-Steel
601,klinklang,Steel,Steel,520,60,100,115,70,85,90,5,False,Steel-Steel
602,tynamo,Electric,Electric,275,35,55,40,45,40,60,5,False,Electric-Electric
603,eelektrik,Electric,Electric,405,65,85,70,75,70,40,5,False,Electric-Electric
604,eelektross,Electric,Electric,515,85,115,80,105,80,50,5,False,Electric-Electric
605,elgyem,Psychic,Psychic,335,55,55,55,85,55,30,5,False,Psychic-Psychic
606,beheeyem,Psychic,Psychic,485,75,75,75,125,95,40,5,False,Psychic-Psychic
607,litwick,Ghost,Fire,275,50,30,55,65,55,20,5,False,Ghost-eFire
608,lampent,Ghost,Fire,370,60,40,60,95,60,55,5,False,Ghost-eFire
609,chandelure,Ghost,Fire,520,60,55,90,145,90,80,5,False,Ghost-eFire
610,axew,Dragon,Dragon,320,46,87,60,30,40,57,5,False,Dragon-Dragon
611,fraxure,Dragon,Dragon,410,66,117,70,40,50,67,5,False,Dragon-Dragon
612,haxorus,Dragon,Dragon,540,76,147,90,60,70,97,5,False,Dragon-Dragon
613,cubchoo,Ice,Ice,305,55,70,40,60,40,40,5,False,Ice-Ice
614,beartic,Ice,Ice,485,95,110,80,70,80,50,5,False,Ice-Ice
615,cryogonal,Ice,Ice,485,70,50,30,95,135,105,5,False,Ice-Ice
616,shelmet,Bug,Bug,305,50,40,85,40,65,25,5,False,Bug-Bug
617,accelgor,Bug,Bug,495,80,70,40,100,60,145,5,False,Bug-Bug
618,stunfisk,Ground,Electric,471,109,66,84,81,99,32,5,False,Ground-eElectric
619,mienfoo,Fighting,Fighting,350,45,85,50,55,50,65,5,False,Fighting-Fighting
620,mienshao,Fighting,Fighting,510,65,125,60,95,60,105,5,False,Fighting-Fighting
621,druddigon,Dragon,Dragon,485,77,120,90,60,90,48,5,False,Dragon-Dragon
622,golett,Ground,Ghost,303,59,74,50,35,50,35,5,False,Ground-eGhost
623,golurk,Ground,Ghost,483,89,124,80,55,80,55,5,False,Ground-eGhost
624,pawniard,Dark,Steel,340,45,85,70,40,40,60,5,False,Dark-eSteel
625,bisharp,Dark,Steel,490,65,125,100,60,70,70,5,False,Dark-eSteel
626,bouffalant,Normal,Normal,490,95,110,95,40,95,55,5,False,Normal-Normal
627,rufflet,Normal,Flying,350,70,83,50,37,50,60,5,False,Normal-eFlying
628,braviary,Normal,Flying,510,100,123,75,57,75,80,5,False,Normal-eFlying
629,vullaby,Dark,Flying,370,70,55,75,45,65,60,5,False,Dark-eFlying
630,mandibuzz,Dark,Flying,510,110,65,105,55,95,80,5,False,Dark-eFlying
631,heatmor,Fire,Fire,484,85,97,66,105,66,65,5,False,Fire-Fire
632,durant,Bug,Steel,484,58,109,112,48,48,109,5,False,Bug-eSteel
633,deino,Dark,Dragon,300,52,65,50,45,50,38,5,False,Dark-eDragon
634,zweilous,Dark,Dragon,420,72,85,70,65,70,58,5,False,Dark-eDragon
635,hydreigon,Dark,Dragon,600,92,105,90,125,90,98,5,False,Dark-eDragon
636,larvesta,Bug,Fire,360,55,85,55,50,55,60,5,False,Bug-eFire
637,volcarona,Bug,Fire,550,85,60,65,135,105,100,5,False,Bug-eFire
638,cobalion,Steel,Fighting,580,91,90,129,90,72,108,5,True,Steel-eFighting
639,terrakion,Rock,Fighting,580,91,129,90,72,90,108,5,True,Rock-eFighting
640,virizion,Grass,Fighting,580,91,90,72,90,129,108,5,True,Grass-eFighting
641,tornadusincarnate forme,Flying,Flying,580,79,115,70,125,80,111,5,True,Flying-Flying
641,tornadustherian forme,Flying,Flying,580,79,100,80,110,90,121,5,True,Flying-Flying
642,thundurusincarnate forme,Electric,Flying,580,79,115,70,125,80,111,5,True,Electric-eFlying
642,thundurustherian forme,Electric,Flying,580,79,105,70,145,80,101,5,True,Electric-eFlying
643,reshiram,Dragon,Fire,680,100,120,100,150,120,90,5,True,Dragon-eFire
644,zekrom,Dragon,Electric,680,100,150,120,120,100,90,5,True,Dragon-eElectric
645,landorusincarnate forme,Ground,Flying,600,89,125,90,115,80,101,5,True,Ground-eFlying
645,landorustherian forme,Ground,Flying,600,89,145,90,105,80,91,5,True,Ground-eFlying
646,kyurem,Dragon,Ice,660,125,130,90,130,90,95,5,True,Dragon-eIce
646,kyuremblack kyurem,Dragon,Ice,700,125,170,100,120,90,95,5,True,Dragon-eIce
646,kyuremwhite kyurem,Dragon,Ice,700,125,120,90,170,100,95,5,True,Dragon-eIce
647,keldeoordinary forme,Water,Fighting,580,91,72,90,129,90,108,5,False,Water-eFighting
647,keldeoresolute forme,Water,Fighting,580,91,72,90,129,90,108,5,False,Water-eFighting
648,meloettaaria forme,Normal,Psychic,600,100,77,77,128,128,90,5,False,Normal-ePsychic
648,meloettapirouette forme,Normal,Fighting,600,100,128,90,77,77,128,5,False,Normal-eFighting
649,genesect,Bug,Steel,600,71,120,95,120,95,99,5,False,Bug-eSteel
650,chespin,Grass,Grass,313,56,61,65,48,45,38,6,False,Grass-Grass
651,quilladin,Grass,Grass,405,61,78,95,56,58,57,6,False,Grass-Grass
652,chesnaught,Grass,Fighting,530,88,107,122,74,75,64,6,False,Grass-eFighting
653,fennekin,Fire,Fire,307,40,45,40,62,60,60,6,False,Fire-Fire
654,braixen,Fire,Fire,409,59,59,58,90,70,73,6,False,Fire-Fire
655,delphox,Fire,Psychic,534,75,69,72,114,100,104,6,False,Fire-ePsychic
656,froakie,Water,Water,314,41,56,40,62,44,71,6,False,Water-Water
657,frogadier,Water,Water,405,54,63,52,83,56,97,6,False,Water-Water
658,greninja,Water,Dark,530,72,95,67,103,71,122,6,False,Water-eDark
659,bunnelby,Normal,Normal,237,38,36,38,32,36,57,6,False,Normal-Normal
660,diggersby,Normal,Ground,423,85,56,77,50,77,78,6,False,Normal-eGround
661,fletchling,Normal,Flying,278,45,50,43,40,38,62,6,False,Normal-eFlying
662,fletchinder,Fire,Flying,382,62,73,55,56,52,84,6,False,Fire-eFlying
663,talonflame,Fire,Flying,499,78,81,71,74,69,126,6,False,Fire-eFlying
664,scatterbug,Bug,Bug,200,38,35,40,27,25,35,6,False,Bug-Bug
665,spewpa,Bug,Bug,213,45,22,60,27,30,29,6,False,Bug-Bug
666,vivillon,Bug,Flying,411,80,52,50,90,50,89,6,False,Bug-eFlying
667,litleo,Fire,Normal,369,62,50,58,73,54,72,6,False,Fire-eNormal
668,pyroar,Fire,Normal,507,86,68,72,109,66,106,6,False,Fire-eNormal
669,flabébé,Fairy,Fairy,303,44,38,39,61,79,42,6,False,Fairy-Fairy
670,floette,Fairy,Fairy,371,54,45,47,75,98,52,6,False,Fairy-Fairy
671,florges,Fairy,Fairy,552,78,65,68,112,154,75,6,False,Fairy-Fairy
672,skiddo,Grass,Grass,350,66,65,48,62,57,52,6,False,Grass-Grass
673,gogoat,Grass,Grass,531,123,100,62,97,81,68,6,False,Grass-Grass
674,pancham,Fighting,Fighting,348,67,82,62,46,48,43,6,False,Fighting-Fighting
675,pangoro,Fighting,Dark,495,95,124,78,69,71,58,6,False,Fighting-eDark
676,furfrou,Normal,Normal,472,75,80,60,65,90,102,6,False,Normal-Normal
677,espurr,Psychic,Psychic,355,62,48,54,63,60,68,6,False,Psychic-Psychic
678,meowsticmale,Psychic,Psychic,466,74,48,76,83,81,104,6,False,Psychic-Psychic
678,meowsticfemale,Psychic,Psychic,466,74,48,76,83,81,104,6,False,Psychic-Psychic
679,honedge,Steel,Ghost,325,45,80,100,35,37,28,6,False,Steel-eGhost
680,doublade,Steel,Ghost,448,59,110,150,45,49,35,6,False,Steel-eGhost
681,aegislashblade forme,Steel,Ghost,520,60,150,50,150,50,60,6,False,Steel-eGhost
681,aegislashshield forme,Steel,Ghost,520,60,50,150,50,150,60,6,False,Steel-eGhost
682,spritzee,Fairy,Fairy,341,78,52,60,63,65,23,6,False,Fairy-Fairy
683,aromatisse,Fairy,Fairy,462,101,72,72,99,89,29,6,False,Fairy-Fairy
684,swirlix,Fairy,Fairy,341,62,48,66,59,57,49,6,False,Fairy-Fairy
685,slurpuff,Fairy,Fairy,480,82,80,86,85,75,72,6,False,Fairy-Fairy
686,inkay,Dark,Psychic,288,53,54,53,37,46,45,6,False,Dark-ePsychic
687,malamar,Dark,Psychic,482,86,92,88,68,75,73,6,False,Dark-ePsychic
688,binacle,Rock,Water,306,42,52,67,39,56,50,6,False,Rock-eWater
689,barbaracle,Rock,Water,500,72,105,115,54,86,68,6,False,Rock-eWater
690,skrelp,Poison,Water,320,50,60,60,60,60,30,6,False,Poison-eWater
691,dragalge,Poison,Dragon,494,65,75,90,97,123,44,6,False,Poison-eDragon
692,clauncher,Water,Water,330,50,53,62,58,63,44,6,False,Water-Water
693,clawitzer,Water,Water,500,71,73,88,120,89,59,6,False,Water-Water
694,helioptile,Electric,Normal,289,44,38,33,61,43,70,6,False,Electric-eNormal
695,heliolisk,Electric,Normal,481,62,55,52,109,94,109,6,False,Electric-eNormal
696,tyrunt,Rock,Dragon,362,58,89,77,45,45,48,6,False,Rock-eDragon
697,tyrantrum,Rock,Dragon,521,82,121,119,69,59,71,6,False,Rock-eDragon
698,amaura,Rock,Ice,362,77,59,50,67,63,46,6,False,Rock-eIce
699,aurorus,Rock,Ice,521,123,77,72,99,92,58,6,False,Rock-eIce
700,sylveon,Fairy,Fairy,525,95,65,65,110,130,60,6,False,Fairy-Fairy
701,hawlucha,Fighting,Flying,500,78,92,75,74,63,118,6,False,Fighting-eFlying
702,dedenne,Electric,Fairy,431,67,58,57,81,67,101,6,False,Electric-eFairy
703,carbink,Rock,Fairy,500,50,50,150,50,150,50,6,False,Rock-eFairy
704,goomy,Dragon,Dragon,300,45,50,35,55,75,40,6,False,Dragon-Dragon
705,sliggoo,Dragon,Dragon,452,68,75,53,83,113,60,6,False,Dragon-Dragon
706,goodra,Dragon,Dragon,600,90,100,70,110,150,80,6,False,Dragon-Dragon
707,klefki,Steel,Fairy,470,57,80,91,80,87,75,6,False,Steel-eFairy
708,phantump,Ghost,Grass,309,43,70,48,50,60,38,6,False,Ghost-eGrass
709,trevenant,Ghost,Grass,474,85,110,76,65,82,56,6,False,Ghost-eGrass
710,pumpkabooaverage size,Ghost,Grass,335,49,66,70,44,55,51,6,False,Ghost-eGrass
710,pumpkaboosmall size,Ghost,Grass,335,44,66,70,44,55,56,6,False,Ghost-eGrass
710,pumpkaboolarge size,Ghost,Grass,335,54,66,70,44,55,46,6,False,Ghost-eGrass
710,pumpkaboosuper size,Ghost,Grass,335,59,66,70,44,55,41,6,False,Ghost-eGrass
711,gourgeistaverage size,Ghost,Grass,494,65,90,122,58,75,84,6,False,Ghost-eGrass
711,gourgeistsmall size,Ghost,Grass,494,55,85,122,58,75,99,6,False,Ghost-eGrass
711,gourgeistlarge size,Ghost,Grass,494,75,95,122,58,75,69,6,False,Ghost-eGrass
711,gourgeistsuper size,Ghost,Grass,494,85,100,122,58,75,54,6,False,Ghost-eGrass
712,bergmite,Ice,Ice,304,55,69,85,32,35,28,6,False,Ice-Ice
713,avalugg,Ice,Ice,514,95,117,184,44,46,28,6,False,Ice-Ice
714,noibat,Flying,Dragon,245,40,30,35,45,40,55,6,False,Flying-eDragon
715,noivern,Flying,Dragon,535,85,70,80,97,80,123,6,False,Flying-eDragon
716,xerneas,Fairy,Fairy,680,126,131,95,131,98,99,6,True,Fairy-Fairy
717,yveltal,Dark,Flying,680,126,131,95,131,98,99,6,True,Dark-eFlying
718,zygarde50% forme,Dragon,Ground,600,108,100,121,81,95,95,6,True,Dragon-eGround
719,diancie,Rock,Fairy,600,50,100,150,100,150,50,6,True,Rock-eFairy
719,dianciemega diancie,Rock,Fairy,700,50,160,110,160,110,110,6,True,Rock-eFairy
720,hoopahoopa confined,Psychic,Ghost,600,80,110,60,150,130,70,6,True,Psychic-eGhost
720,hoopahoopa unbound,Psychic,Dark,680,80,160,60,170,130,80,6,True,Psychic-eDark
721,volcanion,Fire,Water,600,80,110,120,130,90,70,6,True,Fire-eWater
